customer_id,order_date,previous_order_date,days_gap,risk_flag
1.0,2025-08-14 09:34:55,,,At Risk
1.0,2025-12-18 06:41:34,2025-08-14 09:34:55,125.87961805565283,At Risk
1.0,2026-03-10 13:34:32,2025-12-18 06:41:34,82.28678240766749,At Risk
2.0,2025-08-21 02:18:41,,,At Risk
2.0,2025-09-18 09:59:54,2025-08-21 02:18:41,28.320289351977408,At Risk
2.0,2025-12-01 04:56:47,2025-09-18 09:59:54,73.78950231475756,At Risk
2.0,2026-05-16 01:07:49,2025-12-01 04:56:47,165.84099537041038,At Risk
3.0,2025-10-08 03:19:07,,,At Risk
3.0,2026-03-04 01:54:12,2025-10-08 03:19:07,146.9410300925374,At Risk
4.0,2026-01-05 11:15:45,,,At Risk
4.0,2026-06-25 16:28:47,2026-01-05 11:15:45,171.2173842592165,At Risk
5.0,2025-09-24 15:42:44,,,At Risk
5.0,2026-02-24 00:49:09,2025-09-24 15:42:44,152.37945601856336,At Risk
6.0,2025-11-14 02:40:00,,,At Risk
6.0,2025-12-31 12:16:26,2025-11-14 02:40:00,47.40030092606321,At Risk
6.0,2026-04-23 00:00:00,2025-12-31 12:16:26,112.48858796292916,At Risk
7.0,2025-09-13 08:32:37,,,At Risk
7.0,2026-03-23 18:51:28,2025-09-13 08:32:37,191.42975694453344,At Risk
7.0,2026-05-15 16:11:59,2026-03-23 18:51:28,52.88924768520519,At Risk
8.0,2025-09-29 16:56:13,,,Normal
9.0,2026-04-24 18:27:13,,,Normal
10.0,2025-08-10 03:52:54,,,Normal
10.0,2025-08-13 16:59:12,2025-08-10 03:52:54,3.5460416665300727,Normal
10.0,2025-11-18 22:56:59,2025-08-13 16:59:12,97.24846064811572,Normal
10.0,2025-12-16 15:45:27,2025-11-18 22:56:59,27.7003240743652,Normal
10.0,2025-12-20 00:08:34,2025-12-16 15:45:27,3.349386573769152,Normal
10.0,2025-12-22 03:26:35,2025-12-20 00:08:34,2.1375115741975605,Normal
10.0,2026-01-11 23:51:37,2025-12-22 03:26:35,20.850717592518777,Normal
11.0,2026-04-14 12:19:18,,,Normal
12.0,2025-08-16 23:57:08,,,At Risk
12.0,2025-11-30 10:31:38,2025-08-16 23:57:08,105.44062499981374,At Risk
12.0,2026-01-11 08:34:43,2025-11-30 10:31:38,41.918807870242745,At Risk
12.0,2026-05-07 15:36:21,2026-01-11 08:34:43,116.29280092613772,At Risk
13.0,2025-07-07 17:19:05,,,At Risk
13.0,2025-08-18 04:40:00,2025-07-07 17:19:05,41.472858796361834,At Risk
14.0,2025-07-16 18:49:05,,,At Risk
14.0,2025-07-20 22:47:31,2025-07-16 18:49:05,4.165578703861684,At Risk
14.0,2025-12-12 18:17:23,2025-07-20 22:47:31,144.81240740744397,At Risk
14.0,2026-01-19 21:50:03,2025-12-12 18:17:23,38.147685185074806,At Risk
14.0,2026-05-02 20:31:48,2026-01-19 21:50:03,102.94565972220153,At Risk
15.0,2025-11-27 17:31:55,,,At Risk
15.0,2025-12-19 12:15:43,2025-11-27 17:31:55,21.780416666530073,At Risk
15.0,2026-01-06 08:05:37,2025-12-19 12:15:43,17.82631944445893,At Risk
15.0,2026-04-13 00:04:11,2026-01-06 08:05:37,96.66567129641771,At Risk
16.0,2025-11-16 13:08:10,,,At Risk
16.0,2026-07-01 19:14:44,2025-11-16 13:08:10,227.25456018559635,At Risk
18.0,2025-12-09 01:18:07,,,At Risk
18.0,2026-01-12 08:13:31,2025-12-09 01:18:07,34.28847222216427,At Risk
18.0,2026-03-27 00:00:00,2026-01-12 08:13:31,73.65728009259328,At Risk
18.0,2026-06-08 19:19:17,2026-03-27 00:00:00,73.80505787022412,At Risk
19.0,2025-09-23 16:58:54,,,At Risk
19.0,2026-02-11 11:32:31,2025-09-23 16:58:54,140.77334490744397,At Risk
19.0,2026-06-13 10:49:11,2026-02-11 11:32:31,121.9699074071832,At Risk
20.0,2026-02-21 19:10:51,,,At Risk
20.0,2026-06-06 01:43:11,2026-02-21 19:10:51,104.27245370391756,At Risk
21.0,2025-11-18 12:42:26,,,At Risk
21.0,2026-03-02 15:16:24,2025-11-18 12:42:26,104.10692129656672,At Risk
21.0,2026-03-20 13:39:44,2026-03-02 15:16:24,17.932870370335877,At Risk
22.0,2025-10-23 15:27:42,,,At Risk
22.0,2025-11-18 07:31:44,2025-10-23 15:27:42,25.66946759261191,At Risk
22.0,2026-05-24 20:30:16,2025-11-18 07:31:44,187.54064814792946,At Risk
23.0,2025-08-30 22:01:56,,,At Risk
23.0,2026-01-06 15:54:19,2025-08-30 22:01:56,128.7447106479667,At Risk
23.0,2026-01-27 00:00:00,2026-01-06 15:54:19,20.33728009276092,At Risk
23.0,2026-04-05 18:44:31,2026-01-27 00:00:00,68.78091435180977,At Risk
23.0,2026-04-15 22:04:37,2026-04-05 18:44:31,10.138958333525807,At Risk
24.0,2025-10-14 15:40:10,,,At Risk
24.0,2025-10-23 04:24:19,2025-10-14 15:40:10,8.530659722164273,At Risk
24.0,2025-12-26 02:15:02,2025-10-23 04:24:19,63.91021990729496,At Risk
24.0,2026-06-07 15:00:10,2025-12-26 02:15:02,163.53134259255603,At Risk
25.0,2026-01-23 01:53:19,,,Normal
25.0,2026-02-04 15:45:19,2026-01-23 01:53:19,12.577777777798474,Normal
26.0,2025-08-25 05:34:48,,,At Risk
26.0,2025-10-21 02:48:10,2025-08-25 05:34:48,56.88428240735084,At Risk
26.0,2025-12-28 13:20:59,2025-10-21 02:48:10,68.43945601861924,At Risk
26.0,2026-02-12 10:06:55,2025-12-28 13:20:59,45.86523148138076,At Risk
26.0,2026-05-18 07:42:13,2026-02-12 10:06:55,94.89951388910413,At Risk
26.0,2026-06-05 21:25:17,2026-05-18 07:42:13,18.571574074216187,At Risk
26.0,2026-06-27 05:30:02,2026-06-05 21:25:17,21.336631944403052,At Risk
27.0,2025-12-26 04:09:32,,,Normal
28.0,2025-09-29 16:47:07,,,At Risk
28.0,2025-11-14 12:16:23,2025-09-29 16:47:07,45.81199074117467,At Risk
28.0,2026-03-26 13:47:53,2025-11-14 12:16:23,132.06354166660458,At Risk
29.0,2026-04-22 04:45:47,,,Normal
29.0,2026-05-01 03:26:30,2026-04-22 04:45:47,8.94494212931022,Normal
29.0,2026-05-09 04:45:59,2026-05-01 03:26:30,8.055196759290993,Normal
30.0,2025-11-01 14:14:15,,,At Risk
30.0,2026-02-10 22:37:00,2025-11-01 14:14:15,101.34913194458932,At Risk
30.0,2026-04-11 03:21:51,2026-02-10 22:37:00,59.19781249994412,At Risk
31.0,2025-08-10 01:14:33,,,At Risk
31.0,2026-04-04 15:37:32,2025-08-10 01:14:33,237.59929398167878,At Risk
32.0,2025-08-18 09:43:04,,,At Risk
32.0,2026-05-14 16:48:48,2025-08-18 09:43:04,269.29564814828336,At Risk
33.0,2026-05-05 06:48:10,,,Normal
33.0,2026-05-24 03:36:38,2026-05-05 06:48:10,18.866990740410984,Normal
34.0,2025-08-11 17:38:38,,,Normal
34.0,2025-08-21 13:42:31,2025-08-11 17:38:38,9.83603009255603,Normal
34.0,2025-10-12 21:09:33,2025-08-21 13:42:31,52.310439814813435,Normal
34.0,2025-10-28 15:33:02,2025-10-12 21:09:33,15.766307870391756,Normal
34.0,2025-11-29 18:10:38,2025-10-28 15:33:02,32.10944444453344,Normal
34.0,2025-12-11 01:54:07,2025-11-29 18:10:38,11.321863425895572,Normal
35.0,2025-12-02 06:30:36,,,At Risk
35.0,2026-01-18 17:16:10,2025-12-02 06:30:36,47.44831018475816,At Risk
36.0,2025-08-22 04:22:29,,,At Risk
36.0,2026-02-11 12:14:03,2025-08-22 04:22:29,173.3274768521078,At Risk
36.0,2026-04-11 06:05:59,2026-02-11 12:14:03,58.744398147799075,At Risk
37.0,2025-09-29 21:19:48,,,At Risk
37.0,2026-02-10 08:12:00,2025-09-29 21:19:48,133.45291666686535,At Risk
37.0,2026-02-23 08:05:35,2026-02-10 08:12:00,12.99554398143664,At Risk
37.0,2026-04-29 11:27:05,2026-02-23 08:05:35,65.13993055559695,At Risk
37.0,2026-07-01 05:51:42,2026-04-29 11:27:05,62.76709490735084,At Risk
38.0,2025-11-14 13:17:44,,,Normal
39.0,2025-07-16 03:17:28,,,At Risk
39.0,2025-12-07 14:23:00,2025-07-16 03:17:28,144.4621759261936,At Risk
39.0,2026-02-22 03:28:49,2025-12-07 14:23:00,76.54570601833984,At Risk
40.0,2025-11-07 15:58:24,,,At Risk
40.0,2026-03-05 13:48:05,2025-11-07 15:58:24,117.90950231486931,At Risk
41.0,2025-12-26 00:00:00,,,Normal
42.0,2025-08-19 21:08:20,,,At Risk
42.0,2025-09-19 19:51:47,2025-08-19 21:08:20,30.94684027787298,At Risk
42.0,2025-10-29 21:54:28,2025-09-19 19:51:47,40.08519675955176,At Risk
42.0,2026-02-07 21:38:48,2025-10-29 21:54:28,100.98912037024274,At Risk
42.0,2026-05-12 16:13:44,2026-02-07 21:38:48,93.77425925899297,At Risk
43.0,2026-04-09 19:37:23,,,At Risk
43.0,2026-05-31 07:47:58,2026-04-09 19:37:23,51.50734953675419,At Risk
44.0,2025-08-19 07:43:36,,,At Risk
44.0,2025-11-25 07:55:10,2025-08-19 07:43:36,98.00803240761161,At Risk
44.0,2026-01-05 03:16:11,2025-11-25 07:55:10,40.806261573918164,At Risk
45.0,2025-09-03 12:08:49,,,At Risk
45.0,2026-02-04 23:35:42,2025-09-03 12:08:49,154.47700231475756,At Risk
45.0,2026-02-06 18:13:38,2026-02-04 23:35:42,1.7763425926677883,At Risk
45.0,2026-04-20 17:22:54,2026-02-06 18:13:38,72.96476851869375,At Risk
45.0,2026-05-19 08:59:24,2026-04-20 17:22:54,28.650347222108394,At Risk
45.0,2026-06-03 04:00:23,2026-05-19 08:59:24,14.792349536903203,At Risk
45.0,2026-06-19 15:00:56,2026-06-03 04:00:23,16.45871527818963,At Risk
46.0,2026-03-05 07:02:40,,,Normal
47.0,2025-07-20 06:46:47,,,At Risk
47.0,2026-03-01 07:41:09,2025-07-20 06:46:47,224.03775462973863,At Risk
47.0,2026-05-21 07:56:49,2026-03-01 07:41:09,81.01087962975726,At Risk
48.0,2025-07-10 21:00:03,,,At Risk
48.0,2025-10-01 08:15:47,2025-07-10 21:00:03,82.469259259291,At Risk
48.0,2025-10-27 09:32:47,2025-10-01 08:15:47,26.05347222229466,At Risk
48.0,2026-05-03 05:34:00,2025-10-27 09:32:47,187.83417824096978,At Risk
49.0,2025-09-15 21:59:32,,,At Risk
49.0,2026-02-12 03:12:00,2025-09-15 21:59:32,149.21699074050412,At Risk
50.0,2026-04-18 09:31:10,,,At Risk
50.0,2026-05-26 19:01:01,2026-04-18 09:31:10,38.39572916692123,At Risk
51.0,2025-12-25 22:13:44,,,At Risk
51.0,2026-06-27 09:37:06,2025-12-25 22:13:44,183.47456018533558,At Risk
51.0,2026-07-04 14:46:05,2026-06-27 09:37:06,7.214571759104729,At Risk
52.0,2025-10-18 02:08:59,,,At Risk
52.0,2025-12-22 14:57:15,2025-10-18 02:08:59,65.53351851878688,At Risk
53.0,2025-08-16 17:09:43,,,At Risk
53.0,2026-03-26 00:04:46,2025-08-16 17:09:43,221.28822916699573,At Risk
55.0,2025-11-29 05:23:32,,,At Risk
55.0,2026-04-28 09:31:48,2025-11-29 05:23:32,150.17240740731359,At Risk
56.0,2025-07-16 10:40:08,,,At Risk
56.0,2025-10-18 05:51:08,2025-07-16 10:40:08,93.79930555541068,At Risk
56.0,2025-11-15 16:03:04,2025-10-18 05:51:08,28.42495370376855,At Risk
56.0,2026-03-05 12:09:47,2025-11-15 16:03:04,109.83799768518656,At Risk
57.0,2026-04-04 15:56:07,,,Normal
58.0,2025-12-29 16:16:32,,,At Risk
58.0,2026-03-06 21:02:57,2025-12-29 16:16:32,67.19890046305954,At Risk
58.0,2026-05-12 13:51:56,2026-03-06 21:02:57,66.70068287011236,At Risk
59.0,2025-09-09 12:21:42,,,At Risk
59.0,2025-10-08 11:47:35,2025-09-09 12:21:42,28.976307870354503,At Risk
59.0,2025-11-22 18:47:43,2025-10-08 11:47:35,45.291759259067476,At Risk
59.0,2025-12-04 00:00:00,2025-11-22 18:47:43,11.216863425914198,At Risk
59.0,2026-02-16 14:18:05,2025-12-04 00:00:00,74.5958912037313,At Risk
60.0,2025-12-25 02:16:57,,,At Risk
60.0,2026-03-19 16:30:47,2025-12-25 02:16:57,84.59293981455266,At Risk
62.0,2025-09-19 19:57:14,,,At Risk
62.0,2025-11-20 19:56:48,2025-09-19 19:57:14,61.99969907430932,At Risk
62.0,2025-12-03 04:02:09,2025-11-20 19:56:48,12.337048611138016,At Risk
62.0,2025-12-20 21:44:15,2025-12-03 04:02:09,17.737569444347173,At Risk
62.0,2026-02-02 12:56:40,2025-12-20 21:44:15,43.633622684981674,At Risk
62.0,2026-04-25 23:15:29,2026-02-02 12:56:40,82.42973379651085,At Risk
63.0,2025-12-26 04:37:53,,,Normal
63.0,2026-01-20 17:59:40,2025-12-26 04:37:53,25.55679398123175,Normal
64.0,2025-09-14 01:18:11,,,At Risk
64.0,2026-04-10 10:32:12,2025-09-14 01:18:11,208.38473379658535,At Risk
64.0,2026-05-10 23:00:11,2026-04-10 10:32:12,30.519432870205492,At Risk
65.0,2025-07-19 18:10:56,,,At Risk
65.0,2025-09-29 13:42:16,2025-07-19 18:10:56,71.81342592602596,At Risk
65.0,2026-01-09 00:54:33,2025-09-29 13:42:16,101.4668634259142,At Risk
65.0,2026-05-27 06:29:47,2026-01-09 00:54:33,138.23280092608184,At Risk
66.0,2026-01-15 07:19:36,,,At Risk
66.0,2026-06-20 14:25:32,2026-01-15 07:19:36,156.29578703688458,At Risk
67.0,2025-12-27 02:00:54,,,Normal
68.0,2025-11-04 05:38:33,,,At Risk
68.0,2026-01-18 10:31:27,2025-11-04 05:38:33,75.20340277813375,At Risk
68.0,2026-01-23 05:27:27,2026-01-18 10:31:27,4.788888888899237,At Risk
68.0,2026-03-12 03:01:39,2026-01-23 05:27:27,47.89874999970198,At Risk
69.0,2026-02-17 11:27:41,,,At Risk
69.0,2026-05-12 05:21:36,2026-02-17 11:27:41,83.74577546259388,At Risk
70.0,2026-02-02 22:40:37,,,Normal
71.0,2025-12-28 05:38:54,,,At Risk
71.0,2026-03-07 12:58:39,2025-12-28 05:38:54,69.30538194440305,At Risk
71.0,2026-06-18 13:50:52,2026-03-07 12:58:39,103.0362615743652,At Risk
72.0,2025-07-10 05:25:17,,,At Risk
72.0,2025-10-30 11:29:09,2025-07-10 05:25:17,112.25268518505618,At Risk
72.0,2025-12-07 05:06:25,2025-10-30 11:29:09,37.734212963376194,At Risk
73.0,2025-07-18 10:31:06,,,Normal
74.0,2025-11-15 23:29:44,,,At Risk
74.0,2025-12-16 08:02:59,2025-11-15 23:29:44,30.356423611287028,At Risk
74.0,2026-02-26 07:13:40,2025-12-16 08:02:59,71.96575231477618,At Risk
75.0,2025-08-11 13:03:32,,,At Risk
75.0,2025-12-22 00:00:00,2025-08-11 13:03:32,132.45587962958962,At Risk
76.0,2025-07-09 22:11:21,,,At Risk
76.0,2025-10-11 15:49:14,2025-07-09 22:11:21,93.73464120365679,At Risk
76.0,2026-06-18 21:14:00,2025-10-11 15:49:14,250.22553240740672,At Risk
76.0,2026-07-04 16:05:46,2026-06-18 21:14:00,15.78594907419756,At Risk
77.0,2025-10-24 04:46:01,,,At Risk
77.0,2025-11-26 09:10:36,2025-10-24 04:46:01,33.18373842583969,At Risk
77.0,2025-12-12 15:53:25,2025-11-26 09:10:36,16.279733796138316,At Risk
77.0,2025-12-15 14:02:58,2025-12-12 15:53:25,2.923298611305654,At Risk
77.0,2026-01-29 04:07:06,2025-12-15 14:02:58,44.58620370365679,At Risk
77.0,2026-03-25 02:48:18,2026-01-29 04:07:06,54.94527777750045,At Risk
78.0,2025-12-22 06:15:17,,,At Risk
78.0,2026-03-16 16:00:00,2025-12-22 06:15:17,84.40605324041098,At Risk
79.0,2026-03-31 07:13:03,,,Normal
79.0,2026-04-25 01:10:03,2026-03-31 07:13:03,24.747916666790843,Normal
80.0,2025-07-19 18:50:54,,,At Risk
80.0,2025-08-08 01:03:33,2025-07-19 18:50:54,19.25878472207114,At Risk
80.0,2025-11-19 08:10:51,2025-08-08 01:03:33,103.29673611093313,At Risk
80.0,2026-05-30 07:05:43,2025-11-19 08:10:51,191.95476851891726,At Risk
81.0,2025-09-07 21:00:02,,,At Risk
81.0,2025-10-18 22:40:50,2025-09-07 21:00:02,41.07000000029802,At Risk
81.0,2026-06-30 05:05:18,2025-10-18 22:40:50,254.2669907407835,At Risk
82.0,2026-07-03 00:00:00,,,Normal
83.0,2025-09-07 02:34:08,,,At Risk
83.0,2025-11-02 00:00:00,2025-09-07 02:34:08,55.892962962854654,At Risk
83.0,2026-03-24 21:15:26,2025-11-02 00:00:00,142.8857175926678,At Risk
84.0,2026-02-16 04:45:09,,,Normal
85.0,2025-12-14 03:44:38,,,At Risk
85.0,2026-05-04 21:49:19,2025-12-14 03:44:38,141.75325231486931,At Risk
86.0,2025-08-30 20:41:18,,,At Risk
86.0,2026-05-02 23:55:13,2025-08-30 20:41:18,245.13466435158625,At Risk
87.0,2025-08-15 02:36:28,,,At Risk
87.0,2026-07-03 00:35:27,2025-08-15 02:36:28,321.9159606480971,At Risk
88.0,2025-10-19 07:03:41,,,Normal
89.0,2025-08-04 06:09:56,,,At Risk
89.0,2025-08-05 21:03:55,2025-08-04 06:09:56,1.62082175957039,At Risk
89.0,2026-01-11 03:58:54,2025-08-05 21:03:55,158.28818287001923,At Risk
89.0,2026-06-26 11:08:14,2026-01-11 03:58:54,166.29814814822748,At Risk
90.0,2025-07-13 21:46:57,,,Normal
90.0,2025-07-20 17:30:46,2025-07-13 21:46:57,6.822094907518476,Normal
90.0,2025-07-26 16:20:01,2025-07-20 17:30:46,5.950868055224419,Normal
90.0,2025-07-27 14:21:13,2025-07-26 16:20:01,0.9174999999813735,Normal
90.0,2025-11-02 20:08:37,2025-07-27 14:21:13,98.24124999996275,Normal
91.0,2026-05-09 11:58:06,,,Normal
92.0,2025-08-05 00:00:00,,,At Risk
92.0,2026-02-01 09:35:39,2025-08-05 00:00:00,180.39975694427267,At Risk
92.0,2026-04-25 14:41:11,2026-02-01 09:35:39,83.2121759261936,At Risk
93.0,2025-08-26 18:29:53,,,At Risk
93.0,2025-10-18 00:00:00,2025-08-26 18:29:53,52.22924768505618,At Risk
95.0,2025-08-12 00:00:00,,,At Risk
95.0,2025-09-10 01:39:15,2025-08-12 00:00:00,29.068923611193895,At Risk
95.0,2025-12-09 12:20:46,2025-09-10 01:39:15,90.44549768511206,At Risk
95.0,2025-12-11 00:31:36,2025-12-09 12:20:46,1.5075231483206153,At Risk
95.0,2026-01-17 08:11:25,2025-12-11 00:31:36,37.319317129440606,At Risk
95.0,2026-02-07 12:10:14,2026-01-17 08:11:25,21.165844907518476,At Risk
95.0,2026-02-23 02:49:21,2026-02-07 12:10:14,15.610497685149312,At Risk
95.0,2026-05-30 07:39:26,2026-02-23 02:49:21,96.20144675904885,At Risk
96.0,2025-12-30 10:14:19,,,Normal
96.0,2026-01-13 10:17:22,2025-12-30 10:14:19,14.002118055708706,Normal
97.0,2025-09-02 14:43:39,,,At Risk
97.0,2026-02-12 20:59:53,2025-09-02 14:43:39,163.26127314800397,At Risk
97.0,2026-05-31 18:00:59,2026-02-12 20:59:53,107.87576388893649,At Risk
98.0,2025-07-09 00:11:54,,,Normal
98.0,2025-07-22 16:36:35,2025-07-09 00:11:54,13.68380787037313,Normal
99.0,2025-10-08 17:46:42,,,At Risk
99.0,2025-12-08 05:02:06,2025-10-08 17:46:42,60.46902777813375,At Risk
99.0,2025-12-25 22:29:27,2025-12-08 05:02:06,17.72732638893649,At Risk
99.0,2026-01-13 00:00:00,2025-12-25 22:29:27,18.062881944235414,At Risk
100.0,2025-08-18 07:38:56,,,At Risk
100.0,2025-10-19 00:00:00,2025-08-18 07:38:56,61.68129629641771,At Risk
100.0,2025-11-04 14:21:18,2025-10-19 00:00:00,16.598125000018626,At Risk
102.0,2025-10-05 21:40:47,,,At Risk
102.0,2025-11-03 06:51:32,2025-10-05 21:40:47,28.382465277798474,At Risk
102.0,2026-06-21 02:12:49,2025-11-03 06:51:32,229.80644675903022,At Risk
103.0,2025-09-08 00:31:07,,,At Risk
103.0,2025-12-24 04:48:27,2025-09-08 00:31:07,107.1787037034519,At Risk
103.0,2026-03-10 21:16:35,2025-12-24 04:48:27,76.68620370374992,At Risk
105.0,2026-01-12 01:58:10,,,At Risk
105.0,2026-05-31 15:49:22,2026-01-12 01:58:10,139.57722222199664,At Risk
106.0,2026-02-15 06:51:10,,,At Risk
106.0,2026-04-27 13:37:16,2026-02-15 06:51:10,71.28201388893649,At Risk
106.0,2026-05-11 23:08:40,2026-04-27 13:37:16,14.396805555559695,At Risk
107.0,2025-07-31 23:51:46,,,At Risk
107.0,2025-12-25 14:10:16,2025-07-31 23:51:46,146.59618055587634,At Risk
109.0,2025-11-03 02:50:03,,,At Risk
109.0,2025-12-18 17:42:15,2025-11-03 02:50:03,45.619583332911134,At Risk
109.0,2026-06-18 09:03:27,2025-12-18 17:42:15,181.6397222224623,At Risk
110.0,2025-10-09 05:35:37,,,At Risk
110.0,2025-12-12 19:49:59,2025-10-09 05:35:37,64.59331018524244,At Risk
110.0,2026-01-08 15:22:35,2025-12-12 19:49:59,26.81430555554107,At Risk
111.0,2025-08-15 05:20:06,,,At Risk
111.0,2025-08-16 15:44:45,2025-08-15 05:20:06,1.4337847223505378,At Risk
111.0,2026-01-30 22:12:13,2025-08-16 15:44:45,167.26907407399267,At Risk
111.0,2026-02-24 04:51:21,2026-01-30 22:12:13,24.277175926137716,At Risk
111.0,2026-02-25 21:27:58,2026-02-24 04:51:21,1.6920949071645737,At Risk
111.0,2026-03-17 13:04:00,2026-02-25 21:27:58,19.65002314839512,At Risk
111.0,2026-04-21 04:14:34,2026-03-17 13:04:00,34.632337962742895,At Risk
112.0,2025-09-16 17:03:23,,,At Risk
112.0,2026-02-13 19:38:47,2025-09-16 17:03:23,150.10791666666046,At Risk
112.0,2026-02-22 13:27:00,2026-02-13 19:38:47,8.741817129775882,At Risk
112.0,2026-03-03 02:12:16,2026-02-22 13:27:00,8.53143518511206,At Risk
113.0,2025-09-28 06:36:37,,,At Risk
113.0,2026-01-05 00:27:33,2025-09-28 06:36:37,98.74370370386168,At Risk
113.0,2026-03-10 11:54:52,2026-01-05 00:27:33,64.47730324044824,At Risk
113.0,2026-03-29 23:27:14,2026-03-10 11:54:52,19.48081018542871,At Risk
115.0,2025-08-08 14:28:29,,,At Risk
115.0,2025-09-04 21:46:46,2025-08-08 14:28:29,27.304363425821066,At Risk
115.0,2025-11-05 21:10:42,2025-09-04 21:46:46,61.97495370404795,At Risk
115.0,2026-02-12 22:06:44,2025-11-05 21:10:42,99.03891203692183,At Risk
116.0,2025-09-15 12:47:05,,,At Risk
116.0,2025-11-08 09:28:46,2025-09-15 12:47:05,53.86228009266779,At Risk
116.0,2025-12-22 06:53:00,2025-11-08 09:28:46,43.891828703694046,At Risk
116.0,2025-12-24 16:35:49,2025-12-22 06:53:00,2.4047337961383164,At Risk
116.0,2026-02-19 13:14:36,2025-12-24 16:35:49,56.86026620352641,At Risk
116.0,2026-05-09 10:44:55,2026-02-19 13:14:36,78.89605324110016,At Risk
117.0,2025-07-19 04:49:41,,,At Risk
117.0,2025-09-11 13:04:38,2025-07-19 04:49:41,54.34371527796611,At Risk
117.0,2025-12-31 13:56:21,2025-09-11 13:04:38,111.03591435169801,At Risk
117.0,2026-01-08 22:20:43,2025-12-31 13:56:21,8.350254629738629,At Risk
117.0,2026-03-25 16:56:23,2026-01-08 22:20:43,75.77476851828396,At Risk
117.0,2026-05-30 05:49:15,2026-03-25 16:56:23,65.53671296313405,At Risk
118.0,2025-08-04 15:09:46,,,At Risk
118.0,2025-08-06 00:00:00,2025-08-04 15:09:46,1.3682175925932825,At Risk
118.0,2025-09-30 16:14:27,2025-08-06 00:00:00,55.67670138878748,At Risk
118.0,2026-01-01 00:00:00,2025-09-30 16:14:27,92.32329861121252,At Risk
119.0,2025-10-24 23:35:18,,,At Risk
119.0,2025-12-17 17:21:25,2025-10-24 23:35:18,53.74035879643634,At Risk
119.0,2026-05-04 18:08:10,2025-12-17 17:21:25,138.03246527770534,At Risk
120.0,2025-07-16 06:32:58,,,At Risk
120.0,2025-09-11 19:10:38,2025-07-16 06:32:58,57.52615740709007,At Risk
120.0,2025-09-18 21:10:23,2025-09-11 19:10:38,7.083159722387791,At Risk
121.0,2025-11-09 15:42:10,,,At Risk
121.0,2025-11-22 02:16:50,2025-11-09 15:42:10,12.440740740858018,At Risk
121.0,2026-03-24 23:58:25,2025-11-22 02:16:50,122.9038773146458,At Risk
121.0,2026-05-03 09:42:44,2026-03-24 23:58:25,39.405775463208556,At Risk
122.0,2025-08-13 17:48:02,,,At Risk
122.0,2025-11-09 15:57:14,2025-08-13 17:48:02,87.92305555567145,At Risk
122.0,2026-01-05 07:19:46,2025-11-09 15:57:14,56.64064814802259,At Risk
123.0,2025-12-19 04:33:32,,,At Risk
123.0,2026-01-23 06:58:53,2025-12-19 04:33:32,35.100937499664724,At Risk
123.0,2026-04-10 20:12:52,2026-01-23 06:58:53,77.5513773150742,At Risk
124.0,2026-02-01 19:28:16,,,Normal
124.0,2026-03-01 12:06:14,2026-02-01 19:28:16,27.693032407201827,Normal
125.0,2026-04-19 00:00:00,,,Normal
126.0,2025-08-31 14:20:37,,,At Risk
126.0,2025-10-04 15:59:05,2025-08-31 14:20:37,34.068379629869014,At Risk
126.0,2025-12-26 08:50:45,2025-10-04 15:59:05,82.70254629617557,At Risk
127.0,2026-04-20 10:07:21,,,Normal
128.0,2025-07-12 17:13:22,,,At Risk
128.0,2025-08-04 10:55:47,2025-07-12 17:13:22,22.73778935195878,At Risk
128.0,2026-03-02 23:42:54,2025-08-04 10:55:47,210.53271990735084,At Risk
128.0,2026-06-13 09:01:13,2026-03-02 23:42:54,102.38771990733221,At Risk
128.0,2026-06-15 14:26:09,2026-06-13 09:01:13,2.225648147985339,At Risk
129.0,2025-10-12 09:34:35,,,At Risk
129.0,2026-04-30 13:01:46,2025-10-12 09:34:35,200.14387731486931,At Risk
130.0,2025-07-28 05:30:56,,,At Risk
130.0,2025-08-05 23:14:56,2025-07-28 05:30:56,8.73888888861984,At Risk
130.0,2025-08-20 01:12:37,2025-08-05 23:14:56,14.08172453707084,At Risk
130.0,2025-09-18 11:30:02,2025-08-20 01:12:37,29.428761574439704,At Risk
130.0,2025-10-12 19:42:22,2025-09-18 11:30:02,24.341898147948086,At Risk
130.0,2026-03-23 12:45:16,2025-10-12 19:42:22,161.71034722216427,At Risk
130.0,2026-05-19 00:00:00,2026-03-23 12:45:16,56.46856481488794,At Risk
130.0,2026-05-28 23:37:41,2026-05-19 00:00:00,9.984502314589918,At Risk
131.0,2026-05-24 08:55:38,,,Normal
131.0,2026-05-29 04:35:49,2026-05-24 08:55:38,4.819571759086102,Normal
132.0,2025-09-18 00:00:00,,,At Risk
132.0,2026-01-20 13:29:44,2025-09-18 00:00:00,124.56231481488794,At Risk
132.0,2026-03-21 16:43:48,2026-01-20 13:29:44,60.13476851861924,At Risk
133.0,2026-02-17 12:07:52,,,At Risk
133.0,2026-02-20 23:49:28,2026-02-17 12:07:52,3.487222222145647,At Risk
133.0,2026-04-11 00:00:00,2026-02-20 23:49:28,49.0073148147203,At Risk
133.0,2026-05-28 23:53:32,2026-04-11 00:00:00,47.99550925940275,At Risk
134.0,2025-11-14 19:47:35,,,Normal
135.0,2025-07-29 00:00:00,,,At Risk
135.0,2025-08-04 14:44:51,2025-07-29 00:00:00,6.614479166455567,At Risk
135.0,2025-12-23 12:10:39,2025-08-04 14:44:51,140.89291666680947,At Risk
135.0,2026-01-20 17:26:28,2025-12-23 12:10:39,28.219317129813135,At Risk
135.0,2026-04-13 02:31:21,2026-01-20 17:26:28,82.37839120347053,At Risk
136.0,2025-08-08 03:02:52,,,At Risk
136.0,2025-08-10 02:47:48,2025-08-08 03:02:52,1.9895370369777083,At Risk
136.0,2025-10-11 19:19:54,2025-08-10 02:47:48,62.68895833333954,At Risk
136.0,2025-12-26 05:52:22,2025-10-11 19:19:54,75.43921296298504,At Risk
136.0,2026-02-14 07:47:49,2025-12-26 05:52:22,50.08017361117527,At Risk
136.0,2026-07-06 00:00:00,2026-02-14 07:47:49,141.67512731486931,At Risk
137.0,2025-10-02 00:40:31,,,At Risk
137.0,2025-11-12 09:28:38,2025-10-02 00:40:31,41.366747685242444,At Risk
138.0,2025-09-07 07:56:14,,,Normal
138.0,2025-10-09 05:16:31,2025-09-07 07:56:14,31.889085648115724,Normal
138.0,2025-10-10 17:23:02,2025-10-09 05:16:31,1.5045254630967975,Normal
138.0,2025-10-14 13:21:13,2025-10-10 17:23:02,3.8320717592723668,Normal
140.0,2025-10-31 18:44:27,,,At Risk
140.0,2026-01-14 12:15:15,2025-10-31 18:44:27,74.72972222184762,At Risk
140.0,2026-01-14 19:37:55,2026-01-14 12:15:15,0.30740740755572915,At Risk
142.0,2025-07-08 23:40:49,,,At Risk
142.0,2025-11-12 03:42:28,2025-07-08 23:40:49,126.16781250014901,At Risk
142.0,2026-04-25 08:55:00,2025-11-12 03:42:28,164.21703703701496,At Risk
143.0,2026-04-08 17:55:15,,,At Risk
143.0,2026-07-02 19:42:21,2026-04-08 17:55:15,85.07437499985099,At Risk
144.0,2025-08-16 05:15:24,,,At Risk
144.0,2025-12-29 03:32:11,2025-08-16 05:15:24,134.9283217592165,At Risk
144.0,2026-02-23 20:35:43,2025-12-29 03:32:11,56.71078703738749,At Risk
144.0,2026-05-07 01:13:18,2026-02-23 20:35:43,72.19276620354503,At Risk
145.0,2025-09-13 21:46:05,,,At Risk
145.0,2026-01-05 23:23:34,2025-09-13 21:46:05,114.0676967590116,At Risk
145.0,2026-02-28 08:49:41,2026-01-05 23:23:34,53.39313657442108,At Risk
145.0,2026-03-29 20:44:09,2026-02-28 08:49:41,29.49615740729496,At Risk
145.0,2026-04-10 22:33:41,2026-03-29 20:44:09,12.076064814813435,At Risk
147.0,2025-07-18 21:38:15,,,At Risk
147.0,2025-07-20 12:19:07,2025-07-18 21:38:15,1.6117129633203149,At Risk
147.0,2025-08-19 00:36:08,2025-07-20 12:19:07,29.511817129328847,At Risk
147.0,2025-12-29 08:03:01,2025-08-19 00:36:08,132.3103356482461,At Risk
147.0,2026-04-27 12:59:51,2025-12-29 08:03:01,119.20613425923511,At Risk
148.0,2026-01-08 21:20:32,,,At Risk
148.0,2026-03-31 11:31:58,2026-01-08 21:20:32,81.59127314807847,At Risk
149.0,2025-09-23 20:59:06,,,Normal
150.0,2026-01-24 17:03:48,,,At Risk
150.0,2026-02-02 19:56:23,2026-01-24 17:03:48,9.119849537033588,At Risk
150.0,2026-04-27 19:36:24,2026-02-02 19:56:23,83.98612268548459,At Risk
151.0,2026-01-07 07:37:09,,,Normal
151.0,2026-02-03 23:00:13,2026-01-07 07:37:09,27.64101851824671,Normal
151.0,2026-02-25 10:21:15,2026-02-03 23:00:13,21.472939814906567,Normal
151.0,2026-03-05 22:58:41,2026-02-25 10:21:15,8.525995370466262,Normal
151.0,2026-04-26 13:19:07,2026-03-05 22:58:41,51.597523148171604,Normal
152.0,2026-04-10 21:49:38,,,Normal
153.0,2025-11-28 14:57:04,,,At Risk
153.0,2026-06-12 21:35:42,2025-11-28 14:57:04,196.2768287039362,At Risk
154.0,2025-07-26 08:03:34,,,At Risk
154.0,2026-02-10 01:06:04,2025-07-26 08:03:34,198.71006944403052,At Risk
155.0,2026-01-08 00:10:12,,,Normal
156.0,2026-01-19 19:40:15,,,Normal
157.0,2025-07-14 12:51:34,,,At Risk
157.0,2025-08-04 22:14:00,2025-07-14 12:51:34,21.390578703954816,At Risk
157.0,2025-12-12 17:24:27,2025-08-04 22:14:00,129.7989236107096,At Risk
157.0,2026-02-14 05:17:53,2025-12-12 17:24:27,63.495439814869314,At Risk
157.0,2026-02-22 19:16:01,2026-02-14 05:17:53,8.582037037238479,At Risk
157.0,2026-06-06 23:06:37,2026-02-22 19:16:01,104.16013888875023,At Risk
158.0,2025-07-09 02:50:34,,,At Risk
158.0,2026-02-20 15:04:37,2025-07-09 02:50:34,226.50975694414228,At Risk
159.0,2025-09-17 10:07:09,,,At Risk
159.0,2025-12-01 20:42:37,2025-09-17 10:07:09,75.4412962961942,At Risk
159.0,2026-02-21 09:01:03,2025-12-01 20:42:37,81.51280092587695,At Risk
159.0,2026-03-25 04:35:45,2026-02-21 09:01:03,31.81576388934627,At Risk
160.0,2025-07-19 16:09:29,,,Normal
160.0,2025-07-23 08:32:32,2025-07-19 16:09:29,3.682673611212522,Normal
161.0,2025-09-17 17:18:32,,,At Risk
161.0,2025-11-25 16:33:55,2025-09-17 17:18:32,68.96901620365679,At Risk
161.0,2026-04-01 09:51:02,2025-11-25 16:33:55,126.72021990735084,At Risk
161.0,2026-04-03 00:53:07,2026-04-01 09:51:02,1.6264467593282461,At Risk
161.0,2026-05-04 11:38:24,2026-04-03 00:53:07,31.4481134256348,At Risk
161.0,2026-05-18 12:12:14,2026-05-04 11:38:24,14.023495370522141,At Risk
162.0,2025-09-22 02:44:03,,,At Risk
162.0,2025-12-18 23:53:13,2025-09-22 02:44:03,87.88136574067175,At Risk
162.0,2026-01-03 16:54:20,2025-12-18 23:53:13,15.70910879643634,At Risk
162.0,2026-01-20 04:02:56,2026-01-03 16:54:20,16.464305555447936,At Risk
162.0,2026-03-06 18:32:51,2026-01-20 04:02:56,45.604108796454966,At Risk
163.0,2025-10-30 11:45:57,,,At Risk
163.0,2026-01-04 09:53:34,2025-10-30 11:45:57,65.92195601854473,At Risk
163.0,2026-03-25 07:26:58,2026-01-04 09:53:34,79.8981944443658,At Risk
163.0,2026-04-07 21:10:44,2026-03-25 07:26:58,13.572060185484588,At Risk
163.0,2026-05-01 01:10:09,2026-04-07 21:10:44,23.16626157378778,At Risk
164.0,2025-10-02 02:22:51,,,At Risk
164.0,2025-11-27 08:42:18,2025-10-02 02:22:51,56.263506944756955,At Risk
164.0,2025-12-22 02:25:14,2025-11-27 08:42:18,24.738148148171604,At Risk
164.0,2026-06-04 14:08:36,2025-12-22 02:25:14,164.48844907386228,At Risk
164.0,2026-06-18 07:43:48,2026-06-04 14:08:36,13.732777778059244,At Risk
165.0,2025-10-29 09:41:26,,,At Risk
165.0,2025-12-04 06:45:02,2025-10-29 09:41:26,35.87749999994412,At Risk
165.0,2026-02-10 06:15:32,2025-12-04 06:45:02,67.97951388917863,At Risk
165.0,2026-06-24 05:36:04,2026-02-10 06:15:32,133.97259259223938,At Risk
166.0,2025-07-19 04:15:05,,,At Risk
166.0,2025-07-28 01:31:13,2025-07-19 04:15:05,8.88620370393619,At Risk
166.0,2025-11-08 20:15:55,2025-07-28 01:31:13,103.78104166639969,At Risk
166.0,2025-12-25 20:05:34,2025-11-08 20:15:55,46.992812500335276,At Risk
166.0,2026-05-10 01:41:20,2025-12-25 20:05:34,135.23317129630595,At Risk
167.0,2026-01-15 20:48:30,,,Normal
168.0,2025-08-04 21:57:02,,,At Risk
168.0,2025-08-26 01:53:05,2025-08-04 21:57:02,21.163923611398786,At Risk
168.0,2025-09-03 07:08:49,2025-08-26 01:53:05,8.219259259290993,At Risk
168.0,2025-12-29 08:56:56,2025-09-03 07:08:49,117.07508101826534,At Risk
168.0,2026-04-19 20:05:07,2025-12-29 08:56:56,111.46401620376855,At Risk
169.0,2025-12-22 00:00:00,,,At Risk
169.0,2026-06-02 17:27:11,2025-12-22 00:00:00,162.72721064835787,At Risk
169.0,2026-06-08 00:00:00,2026-06-02 17:27:11,5.272789351642132,At Risk
170.0,2025-07-14 11:12:17,,,At Risk
170.0,2026-01-27 10:37:51,2025-07-14 11:12:17,196.9760879627429,At Risk
170.0,2026-02-25 06:58:33,2026-01-27 10:37:51,28.847708333749324,At Risk
170.0,2026-04-26 07:28:16,2026-02-25 06:58:33,60.02063657389954,At Risk
171.0,2026-01-30 14:27:05,,,At Risk
171.0,2026-03-16 09:30:53,2026-01-30 14:27:05,44.79430555552244,At Risk
172.0,2026-01-30 21:11:33,,,At Risk
172.0,2026-02-06 19:16:34,2026-01-30 21:11:33,6.920150463003665,At Risk
172.0,2026-06-04 07:11:16,2026-02-06 19:16:34,117.49631944438443,At Risk
172.0,2026-06-05 03:37:39,2026-06-04 07:11:16,0.8516550930216908,At Risk
173.0,2025-10-01 09:11:24,,,At Risk
173.0,2025-12-13 11:30:12,2025-10-01 09:11:24,73.096388889011,At Risk
173.0,2026-04-03 17:35:42,2025-12-13 11:30:12,111.25381944421679,At Risk
174.0,2026-04-14 01:04:14,,,Normal
175.0,2025-12-11 15:39:25,,,At Risk
175.0,2025-12-14 00:00:00,2025-12-11 15:39:25,2.3476273147389293,At Risk
175.0,2026-04-27 09:04:50,2025-12-14 00:00:00,134.37835648143664,At Risk
177.0,2025-08-30 03:59:16,,,At Risk
177.0,2025-10-22 16:00:56,2025-08-30 03:59:16,53.50115740764886,At Risk
177.0,2025-12-23 00:37:55,2025-10-22 16:00:56,61.35901620378718,At Risk
177.0,2026-01-20 06:15:57,2025-12-23 00:37:55,28.23474537022412,At Risk
177.0,2026-06-20 15:33:37,2026-01-20 06:15:57,151.38726851856336,At Risk
179.0,2025-07-19 18:46:52,,,At Risk
179.0,2025-11-16 15:54:11,2025-07-19 18:46:52,119.88008101843297,At Risk
179.0,2026-03-20 00:50:53,2025-11-16 15:54:11,123.37270833365619,At Risk
179.0,2026-04-24 01:18:04,2026-03-20 00:50:53,35.01887731440365,At Risk
179.0,2026-06-06 21:24:07,2026-04-24 01:18:04,43.83753472240642,At Risk
180.0,2026-05-26 05:47:25,,,Normal
181.0,2025-10-15 23:41:47,,,At Risk
181.0,2025-12-31 09:10:11,2025-10-15 23:41:47,76.39472222188488,At Risk
182.0,2026-01-31 10:15:19,,,At Risk
182.0,2026-04-19 06:45:06,2026-01-31 10:15:19,77.85401620389894,At Risk
182.0,2026-05-31 21:49:57,2026-04-19 06:45:06,42.628368055447936,At Risk
183.0,2025-07-16 02:49:49,,,At Risk
183.0,2025-08-15 07:33:14,2025-07-16 02:49:49,30.196817129384726,At Risk
183.0,2025-09-13 04:26:50,2025-08-15 07:33:14,28.870555555447936,At Risk
183.0,2025-10-26 16:54:20,2025-09-13 04:26:50,43.51909722248092,At Risk
183.0,2026-01-28 02:07:49,2025-10-26 16:54:20,93.38436342589557,At Risk
184.0,2025-07-14 13:34:03,,,At Risk
184.0,2025-10-29 01:18:19,2025-07-14 13:34:03,106.4890740737319,At Risk
184.0,2025-12-12 12:05:50,2025-10-29 01:18:19,44.449664351996034,At Risk
184.0,2026-06-24 15:47:17,2025-12-12 12:05:50,194.15378472208977,At Risk
185.0,2025-11-03 09:28:32,,,At Risk
185.0,2026-01-17 19:02:35,2025-11-03 09:28:32,75.39864583313465,At Risk
185.0,2026-03-27 17:05:36,2026-01-17 19:02:35,68.91876157419756,At Risk
186.0,2025-08-08 14:24:25,,,At Risk
186.0,2025-08-25 17:59:38,2025-08-08 14:24:25,17.149456018581986,At Risk
186.0,2025-12-17 00:00:00,2025-08-25 17:59:38,113.2502546296455,At Risk
186.0,2026-04-09 00:00:00,2025-12-17 00:00:00,113.0,At Risk
187.0,2026-05-16 18:50:09,,,At Risk
187.0,2026-07-03 06:09:25,2026-05-16 18:50:09,47.47171296272427,At Risk
188.0,2026-04-24 18:49:41,,,At Risk
188.0,2026-06-02 00:10:56,2026-04-24 18:49:41,38.22309027751908,At Risk
189.0,2025-12-20 07:35:27,,,At Risk
189.0,2026-02-04 11:50:29,2025-12-20 07:35:27,46.177106481511146,At Risk
189.0,2026-04-21 04:54:27,2026-02-04 11:50:29,75.71108796307817,At Risk
189.0,2026-05-16 16:04:36,2026-04-21 04:54:27,25.465381944552064,At Risk
191.0,2025-09-30 16:34:25,,,At Risk
191.0,2025-11-13 11:10:16,2025-09-30 16:34:25,43.77489583333954,At Risk
191.0,2025-12-14 09:43:59,2025-11-13 11:10:16,30.940081018488854,At Risk
192.0,2025-09-02 20:16:20,,,At Risk
192.0,2026-02-26 07:08:46,2025-09-02 20:16:20,176.45307870348915,At Risk
193.0,2025-12-13 11:43:53,,,Normal
194.0,2025-12-02 20:33:06,,,At Risk
194.0,2026-01-29 14:11:48,2025-12-02 20:33:06,57.73520833346993,At Risk
194.0,2026-06-04 09:40:29,2026-01-29 14:11:48,125.81158564798534,At Risk
195.0,2025-08-08 00:00:00,,,At Risk
195.0,2025-08-14 13:55:24,2025-08-08 00:00:00,6.5801388886757195,At Risk
195.0,2025-12-11 05:52:25,2025-08-14 13:55:24,118.66459490777925,At Risk
195.0,2026-03-05 00:29:35,2025-12-11 05:52:25,83.77581018488854,At Risk
195.0,2026-05-19 17:31:31,2026-03-05 00:29:35,75.70967592624947,At Risk
196.0,2025-08-16 03:37:37,,,At Risk
196.0,2025-09-19 20:53:37,2025-08-16 03:37:37,34.71944444440305,At Risk
196.0,2025-12-06 03:59:54,2025-09-19 20:53:37,77.29603009298444,At Risk
196.0,2026-05-13 06:03:45,2025-12-06 03:59:54,158.08600694406778,At Risk
197.0,2025-09-10 13:11:11,,,At Risk
197.0,2026-02-03 13:40:44,2025-09-10 13:11:11,146.02052083332092,At Risk
197.0,2026-06-17 13:45:00,2026-02-03 13:40:44,134.00296296272427,At Risk
198.0,2025-08-17 21:39:08,,,At Risk
198.0,2026-02-02 22:38:58,2025-08-17 21:39:08,169.04155092593282,At Risk
198.0,2026-03-13 06:48:06,2026-02-02 22:38:58,38.339675925672054,At Risk
198.0,2026-03-22 23:32:16,2026-03-13 06:48:06,9.697337963152677,At Risk
198.0,2026-04-27 00:00:00,2026-03-22 23:32:16,35.01925925910473,At Risk
199.0,2026-04-20 01:02:45,,,Normal
200.0,2025-09-17 21:25:46,,,At Risk
200.0,2025-10-21 00:00:00,2025-09-17 21:25:46,33.107106481678784,At Risk
